{
    "client_name": "Jim Hat Corp",
    "client_email": "jimhat@gmail.com",
    "item_name": "Monthly Management",
    "item_cost": "3525",
    "inv_number": "3504",
    "inv_final_date": "2024-09-19",
    "item_note": "",
    "item_detail": "Content production\r\n---\r\nContent distribution across social media\r\n---\r\nTechnical development as needed for various user conversions\r\n---\r\nClient requests processed on demand\r\n---\r\nAdvertiser solicitations\r\n---\r\nNovelty merchandise creation and marketing",
    "item_internal_notes": "* never talk about family\r\n* does not like electric cars",
    "inv_date": "2024-08-28",
    "_do_invoice": "Update Invoice",
    "_notice_type": ""
}